<?xml version="1.0" encoding="UTF-8"?>
<project-private xmlns="http://www.netbeans.org/ns/project-private/1">
    <editor-bookmarks xmlns="http://www.netbeans.org/ns/editor-bookmarks/2" lastBookmarkId="0"/>
    <open-files xmlns="http://www.netbeans.org/ns/projectui-open-files/2">
        <group>
            <file>file:/C:/xampp/htdocs/Flex/checkchat.php</file>
            <file>file:/C:/xampp/htdocs/Flex/AdminPanel/RiceAddForm.php</file>
            <file>file:/C:/xampp/htdocs/Flex/classes/RiceDetails.php</file>
            <file>file:/C:/xampp/htdocs/Flex/AdminPanel/RiceEdit.php</file>
            <file>file:/C:/xampp/htdocs/Flex/AdminPanel/AdminAddPopularFoodDetails.php</file>
            <file>file:/C:/xampp/htdocs/Flex/AdminPanel/RiceDelete.php</file>
            <file>file:/C:/xampp/htdocs/Flex/index.php</file>
            <file>file:/C:/xampp/htdocs/Flex/AdminPanel/AdminRiceManage.php</file>
            <file>file:/C:/xampp/htdocs/Flex/assets/css/CustomizeFoodStyle.css</file>
            <file>file:/C:/xampp/htdocs/Flex/AdminPanel/AdminHome.php</file>
            <file>file:/C:/xampp/htdocs/Flex/AdminPanel/AdminCustomizeFood.php</file>
            <file>file:/C:/xampp/htdocs/Flex/assets/css/style.css</file>
        </group>
    </open-files>
</project-private>
